1187;2024-11-21 12:22:45;24;D0:0F:5D:7D:BD:E8;B8:27:EB:34:22:B6;232;229;268;0;0;0
1188;2024-11-21 12:22:45;24;D0:0F:5D:7D:BD:E8;B8:27:EB:34:22:B6;299;319;310;0;0;0
1189;2024-11-21 12:22:45;24;D0:0F:5D:7D:BD:E8;B8:27:EB:34:22:B6;279;309;331;0;0;0
1190;2024-11-21 12:22:48;24;D0:0F:5D:7D:BD:E8;B8:27:EB:34:22:B6;196;191;230;0;0;0
1191;2024-11-21 12:22:49;24;D0:0F:5D:7D:BD:E8;B8:27:EB:34:22:B6;238;258;246;0;0;0
4318;2024-11-26 09:21:09;24;D0:0F:5D:7D:BD:E8;B8:27:EB:34:22:B6;1513;1485;1809;0;0;0
4319;2024-11-26 09:21:09;24;D0:0F:5D:7D:BD:E8;B8:27:EB:34:22:B6;1516;1486;1814;0;0;0
4320;2024-11-26 09:21:10;24;D0:0F:5D:7D:BD:E8;B8:27:EB:34:22:B6;1511;1485;1808;0;0;0
4321;2024-11-26 09:21:10;24;D0:0F:5D:7D:BD:E8;B8:27:EB:34:22:B6;1509;1482;1814;0;0;0
4322;2024-11-26 09:21:11;24;D0:0F:5D:7D:BD:E8;B8:27:EB:34:22:B6;1515;1482;1809;0;0;0
4323;2024-11-26 09:21:11;24;D0:0F:5D:7D:BD:E8;B8:27:EB:34:22:B6;1510;1490;1806;0;0;0
4324;2024-11-26 09:21:12;24;D0:0F:5D:7D:BD:E8;B8:27:EB:34:22:B6;1510;1485;1812;0;0;0
4325;2024-11-26 09:21:12;24;D0:0F:5D:7D:BD:E8;B8:27:EB:34:22:B6;1515;1480;1809;0;0;0
4326;2024-11-26 09:21:13;24;D0:0F:5D:7D:BD:E8;B8:27:EB:34:22:B6;1518;1486;1811;0;0;0
4327;2024-11-26 09:21:13;24;D0:0F:5D:7D:BD:E8;B8:27:EB:34:22:B6;1507;1492;1814;0;0;0
4328;2024-11-26 09:21:14;24;D0:0F:5D:7D:BD:E8;B8:27:EB:34:22:B6;1507;1487;1813;0;0;0
4329;2024-11-26 09:21:14;24;D0:0F:5D:7D:BD:E8;B8:27:EB:34:22:B6;1509;1487;1819;0;0;0
4330;2024-11-26 09:21:15;24;D0:0F:5D:7D:BD:E8;B8:27:EB:34:22:B6;1511;1492;1806;0;0;0
4331;2024-11-26 09:21:15;24;D0:0F:5D:7D:BD:E8;B8:27:EB:34:22:B6;1515;1487;1812;0;0;0
4332;2024-11-26 09:21:16;24;D0:0F:5D:7D:BD:E8;B8:27:EB:34:22:B6;1511;1492;1814;0;0;0
4333;2024-11-26 09:21:16;24;D0:0F:5D:7D:BD:E8;B8:27:EB:34:22:B6;1511;1490;1814;0;0;0
4334;2024-11-26 09:21:17;24;D0:0F:5D:7D:BD:E8;B8:27:EB:34:22:B6;1510;1486;1815;0;0;0
4335;2024-11-26 09:21:17;24;D0:0F:5D:7D:BD:E8;B8:27:EB:34:22:B6;1511;1489;1806;0;0;0
4336;2024-11-26 09:21:18;24;D0:0F:5D:7D:BD:E8;B8:27:EB:34:22:B6;1510;1483;1810;0;0;0
4337;2024-11-26 09:21:18;24;D0:0F:5D:7D:BD:E8;B8:27:EB:34:22:B6;1510;1484;1808;0;0;0
4338;2024-11-26 09:21:19;24;D0:0F:5D:7D:BD:E8;B8:27:EB:34:22:B6;1516;1489;1817;0;0;0
4339;2024-11-26 09:21:19;24;D0:0F:5D:7D:BD:E8;B8:27:EB:34:22:B6;1518;1488;1809;0;0;0
4340;2024-11-26 09:21:20;24;D0:0F:5D:7D:BD:E8;B8:27:EB:34:22:B6;1510;1484;1809;0;0;0
4341;2024-11-26 09:21:20;24;D0:0F:5D:7D:BD:E8;B8:27:EB:34:22:B6;1516;1489;1811;0;0;0
4342;2024-11-26 09:21:21;24;D0:0F:5D:7D:BD:E8;B8:27:EB:34:22:B6;1510;1485;1813;0;0;0
4343;2024-11-26 09:21:21;24;D0:0F:5D:7D:BD:E8;B8:27:EB:34:22:B6;1516;1488;1816;0;0;0
4344;2024-11-26 09:21:22;24;D0:0F:5D:7D:BD:E8;B8:27:EB:34:22:B6;1509;1487;1808;0;0;0
4345;2024-11-26 09:21:22;24;D0:0F:5D:7D:BD:E8;B8:27:EB:34:22:B6;1510;1487;1813;0;0;0
4346;2024-11-26 09:21:23;24;D0:0F:5D:7D:BD:E8;B8:27:EB:34:22:B6;1514;1481;1811;0;0;0
4347;2024-11-26 09:21:23;24;D0:0F:5D:7D:BD:E8;B8:27:EB:34:22:B6;1516;1483;1818;0;0;0
4348;2024-11-26 09:21:24;24;D0:0F:5D:7D:BD:E8;B8:27:EB:34:22:B6;1514;1490;1814;0;0;0
4349;2024-11-26 09:21:24;24;D0:0F:5D:7D:BD:E8;B8:27:EB:34:22:B6;1516;1488;1816;0;0;0
4350;2024-11-26 09:21:25;24;D0:0F:5D:7D:BD:E8;B8:27:EB:34:22:B6;1509;1497;1808;0;0;0
4351;2024-11-26 09:21:25;24;D0:0F:5D:7D:BD:E8;B8:27:EB:34:22:B6;1507;1482;1817;0;0;0
4352;2024-11-26 09:21:26;24;D0:0F:5D:7D:BD:E8;B8:27:EB:34:22:B6;1512;1485;1806;0;0;0
4353;2024-11-26 09:21:26;24;D0:0F:5D:7D:BD:E8;B8:27:EB:34:22:B6;1513;1486;1814;0;0;0
4354;2024-11-26 09:21:27;24;D0:0F:5D:7D:BD:E8;B8:27:EB:34:22:B6;1514;1487;1809;0;0;0
4355;2024-11-26 09:21:27;24;D0:0F:5D:7D:BD:E8;B8:27:EB:34:22:B6;1514;1493;1814;0;0;0
4356;2024-11-26 09:21:28;24;D0:0F:5D:7D:BD:E8;B8:27:EB:34:22:B6;1518;1490;1816;0;0;0
4360;2024-11-26 09:21:39;24;D0:0F:5D:7D:BD:E8;B8:27:EB:34:22:B6;1807;1517;1525;0;0;0
4361;2024-11-26 09:21:40;24;D0:0F:5D:7D:BD:E8;B8:27:EB:34:22:B6;1809;1509;1559;0;0;0
4362;2024-11-26 09:21:40;24;D0:0F:5D:7D:BD:E8;B8:27:EB:34:22:B6;1792;1500;1531;0;0;0
4363;2024-11-26 09:21:41;24;D0:0F:5D:7D:BD:E8;B8:27:EB:34:22:B6;1805;1523;1490;0;0;0
4365;2024-11-26 09:21:41;24;D0:0F:5D:7D:BD:E8;B8:27:EB:34:22:B6;1802;1534;1504;0;0;0
4366;2024-11-26 09:21:42;24;D0:0F:5D:7D:BD:E8;B8:27:EB:34:22:B6;1810;1522;1541;0;0;0
4367;2024-11-26 09:21:42;24;D0:0F:5D:7D:BD:E8;B8:27:EB:34:22:B6;1801;1546;1531;0;0;0
4368;2024-11-26 09:21:43;24;D0:0F:5D:7D:BD:E8;B8:27:EB:34:22:B6;1805;1532;1510;0;0;0
4370;2024-11-26 09:21:43;24;D0:0F:5D:7D:BD:E8;B8:27:EB:34:22:B6;1800;1514;1501;0;0;0
4371;2024-11-26 09:21:44;24;D0:0F:5D:7D:BD:E8;B8:27:EB:34:22:B6;1799;1518;1517;0;0;0
4372;2024-11-26 09:21:44;24;D0:0F:5D:7D:BD:E8;B8:27:EB:34:22:B6;1808;1512;1510;0;0;0
4373;2024-11-26 09:21:45;24;D0:0F:5D:7D:BD:E8;B8:27:EB:34:22:B6;1807;1505;1506;0;0;0
4375;2024-11-26 09:21:45;24;D0:0F:5D:7D:BD:E8;B8:27:EB:34:22:B6;1807;1496;1496;0;0;0
4376;2024-11-26 09:21:46;24;D0:0F:5D:7D:BD:E8;B8:27:EB:34:22:B6;1807;1500;1489;0;0;0
4377;2024-11-26 09:21:46;24;D0:0F:5D:7D:BD:E8;B8:27:EB:34:22:B6;1803;1498;1487;0;0;0
4378;2024-11-26 09:21:47;24;D0:0F:5D:7D:BD:E8;B8:27:EB:34:22:B6;1801;1496;1483;0;0;0
4380;2024-11-26 09:21:47;24;D0:0F:5D:7D:BD:E8;B8:27:EB:34:22:B6;1799;1496;1480;0;0;0
4381;2024-11-26 09:21:48;24;D0:0F:5D:7D:BD:E8;B8:27:EB:34:22:B6;1804;1494;1477;0;0;0
4382;2024-11-26 09:21:48;24;D0:0F:5D:7D:BD:E8;B8:27:EB:34:22:B6;1802;1490;1460;0;0;0
4383;2024-11-26 09:21:49;24;D0:0F:5D:7D:BD:E8;B8:27:EB:34:22:B6;1800;1495;1459;0;0;0
4385;2024-11-26 09:21:49;24;D0:0F:5D:7D:BD:E8;B8:27:EB:34:22:B6;1803;1494;1463;0;0;0
4386;2024-11-26 09:21:50;24;D0:0F:5D:7D:BD:E8;B8:27:EB:34:22:B6;1803;1495;1476;0;0;0
4387;2024-11-26 09:21:50;24;D0:0F:5D:7D:BD:E8;B8:27:EB:34:22:B6;1801;1499;1468;0;0;0
4388;2024-11-26 09:21:51;24;D0:0F:5D:7D:BD:E8;B8:27:EB:34:22:B6;1800;1495;1465;0;0;0
4390;2024-11-26 09:21:51;24;D0:0F:5D:7D:BD:E8;B8:27:EB:34:22:B6;1799;1497;1468;0;0;0
4391;2024-11-26 09:21:52;24;D0:0F:5D:7D:BD:E8;B8:27:EB:34:22:B6;1801;1501;1464;0;0;0
4392;2024-11-26 09:21:52;24;D0:0F:5D:7D:BD:E8;B8:27:EB:34:22:B6;1800;1495;1466;0;0;0
4393;2024-11-26 09:21:53;24;D0:0F:5D:7D:BD:E8;B8:27:EB:34:22:B6;1800;1493;1460;0;0;0
4395;2024-11-26 09:21:53;24;D0:0F:5D:7D:BD:E8;B8:27:EB:34:22:B6;1802;1494;1470;0;0;0
4396;2024-11-26 09:21:54;24;D0:0F:5D:7D:BD:E8;B8:27:EB:34:22:B6;1802;1495;1471;0;0;0
4397;2024-11-26 09:21:54;24;D0:0F:5D:7D:BD:E8;B8:27:EB:34:22:B6;1803;1491;1467;0;0;0
4398;2024-11-26 09:21:55;24;D0:0F:5D:7D:BD:E8;B8:27:EB:34:22:B6;1800;1491;1463;0;0;0
4400;2024-11-26 09:21:55;24;D0:0F:5D:7D:BD:E8;B8:27:EB:34:22:B6;1800;1498;1459;0;0;0
4401;2024-11-26 09:21:56;24;D0:0F:5D:7D:BD:E8;B8:27:EB:34:22:B6;1800;1493;1465;0;0;0
4402;2024-11-26 09:21:56;24;D0:0F:5D:7D:BD:E8;B8:27:EB:34:22:B6;1803;1498;1462;0;0;0
4403;2024-11-26 09:21:57;24;D0:0F:5D:7D:BD:E8;B8:27:EB:34:22:B6;1807;1499;1467;0;0;0
4405;2024-11-26 09:21:57;24;D0:0F:5D:7D:BD:E8;B8:27:EB:34:22:B6;1798;1495;1465;0;0;0
4406;2024-11-26 09:21:58;24;D0:0F:5D:7D:BD:E8;B8:27:EB:34:22:B6;1800;1495;1463;0;0;0
4407;2024-11-26 09:21:58;24;D0:0F:5D:7D:BD:E8;B8:27:EB:34:22:B6;1795;1497;1462;0;0;0
4408;2024-11-26 09:21:59;24;D0:0F:5D:7D:BD:E8;B8:27:EB:34:22:B6;1803;1495;1462;0;0;0
4409;2024-11-26 09:21:59;24;D0:0F:5D:7D:BD:E8;B8:27:EB:34:22:B6;1800;1497;1465;0;0;0
4410;2024-11-26 09:22:15;24;D0:0F:5D:7D:BD:E8;B8:27:EB:34:22:B6;1518;1804;1553;0;0;0
4411;2024-11-26 09:22:15;24;D0:0F:5D:7D:BD:E8;B8:27:EB:34:22:B6;1507;1792;1543;0;0;0
4412;2024-11-26 09:22:16;24;D0:0F:5D:7D:BD:E8;B8:27:EB:34:22:B6;1519;1785;1549;0;0;0
4413;2024-11-26 09:22:16;24;D0:0F:5D:7D:BD:E8;B8:27:EB:34:22:B6;1516;1796;1550;0;0;0
4414;2024-11-26 09:22:17;24;D0:0F:5D:7D:BD:E8;B8:27:EB:34:22:B6;1509;1795;1543;0;0;0
4415;2024-11-26 09:22:17;24;D0:0F:5D:7D:BD:E8;B8:27:EB:34:22:B6;1519;1791;1545;0;0;0
4416;2024-11-26 09:22:18;24;D0:0F:5D:7D:BD:E8;B8:27:EB:34:22:B6;1526;1796;1540;0;0;0
4417;2024-11-26 09:22:18;24;D0:0F:5D:7D:BD:E8;B8:27:EB:34:22:B6;1517;1794;1535;0;0;0
4418;2024-11-26 09:22:19;24;D0:0F:5D:7D:BD:E8;B8:27:EB:34:22:B6;1520;1785;1541;0;0;0
4419;2024-11-26 09:22:19;24;D0:0F:5D:7D:BD:E8;B8:27:EB:34:22:B6;1523;1792;1548;0;0;0
4420;2024-11-26 09:22:20;24;D0:0F:5D:7D:BD:E8;B8:27:EB:34:22:B6;1521;1789;1546;0;0;0
4421;2024-11-26 09:22:20;24;D0:0F:5D:7D:BD:E8;B8:27:EB:34:22:B6;1525;1793;1531;0;0;0
4422;2024-11-26 09:22:21;24;D0:0F:5D:7D:BD:E8;B8:27:EB:34:22:B6;1525;1795;1537;0;0;0
4423;2024-11-26 09:22:21;24;D0:0F:5D:7D:BD:E8;B8:27:EB:34:22:B6;1524;1799;1537;0;0;0
4424;2024-11-26 09:22:22;24;D0:0F:5D:7D:BD:E8;B8:27:EB:34:22:B6;1520;1795;1539;0;0;0
4425;2024-11-26 09:22:22;24;D0:0F:5D:7D:BD:E8;B8:27:EB:34:22:B6;1516;1794;1537;0;0;0
4426;2024-11-26 09:22:23;24;D0:0F:5D:7D:BD:E8;B8:27:EB:34:22:B6;1516;1792;1531;0;0;0
4427;2024-11-26 09:22:23;24;D0:0F:5D:7D:BD:E8;B8:27:EB:34:22:B6;1517;1800;1531;0;0;0
4428;2024-11-26 09:22:24;24;D0:0F:5D:7D:BD:E8;B8:27:EB:34:22:B6;1514;1795;1539;0;0;0
4429;2024-11-26 09:22:24;24;D0:0F:5D:7D:BD:E8;B8:27:EB:34:22:B6;1517;1791;1533;0;0;0
4430;2024-11-26 09:22:25;24;D0:0F:5D:7D:BD:E8;B8:27:EB:34:22:B6;1516;1792;1535;0;0;0
4432;2024-11-26 09:22:25;24;D0:0F:5D:7D:BD:E8;B8:27:EB:34:22:B6;1524;1788;1531;0;0;0
4433;2024-11-26 09:22:26;24;D0:0F:5D:7D:BD:E8;B8:27:EB:34:22:B6;1525;1795;1528;0;0;0
4434;2024-11-26 09:22:26;24;D0:0F:5D:7D:BD:E8;B8:27:EB:34:22:B6;1525;1796;1532;0;0;0
4435;2024-11-26 09:22:27;24;D0:0F:5D:7D:BD:E8;B8:27:EB:34:22:B6;1524;1794;1533;0;0;0
4437;2024-11-26 09:22:27;24;D0:0F:5D:7D:BD:E8;B8:27:EB:34:22:B6;1519;1794;1532;0;0;0
4438;2024-11-26 09:22:28;24;D0:0F:5D:7D:BD:E8;B8:27:EB:34:22:B6;1519;1793;1534;0;0;0
4439;2024-11-26 09:22:28;24;D0:0F:5D:7D:BD:E8;B8:27:EB:34:22:B6;1516;1800;1529;0;0;0
4440;2024-11-26 09:22:29;24;D0:0F:5D:7D:BD:E8;B8:27:EB:34:22:B6;1517;1790;1526;0;0;0
4442;2024-11-26 09:22:29;24;D0:0F:5D:7D:BD:E8;B8:27:EB:34:22:B6;1535;1795;1525;0;0;0
4443;2024-11-26 09:22:30;24;D0:0F:5D:7D:BD:E8;B8:27:EB:34:22:B6;1525;1797;1527;0;0;0
4444;2024-11-26 09:22:30;24;D0:0F:5D:7D:BD:E8;B8:27:EB:34:22:B6;1526;1794;1521;0;0;0
4445;2024-11-26 09:22:31;24;D0:0F:5D:7D:BD:E8;B8:27:EB:34:22:B6;1519;1800;1524;0;0;0
4447;2024-11-26 09:22:31;24;D0:0F:5D:7D:BD:E8;B8:27:EB:34:22:B6;1524;1792;1527;0;0;0
4448;2024-11-26 09:22:32;24;D0:0F:5D:7D:BD:E8;B8:27:EB:34:22:B6;1524;1796;1520;0;0;0
4449;2024-11-26 09:22:32;24;D0:0F:5D:7D:BD:E8;B8:27:EB:34:22:B6;1520;1790;1518;0;0;0
4455;2024-11-26 09:22:43;24;D0:0F:5D:7D:BD:E8;B8:27:EB:34:22:B6;1205;1495;1492;0;0;0
4457;2024-11-26 09:22:43;24;D0:0F:5D:7D:BD:E8;B8:27:EB:34:22:B6;1219;1499;1513;0;0;0
4458;2024-11-26 09:22:44;24;D0:0F:5D:7D:BD:E8;B8:27:EB:34:22:B6;1210;1499;1507;0;0;0
4459;2024-11-26 09:22:44;24;D0:0F:5D:7D:BD:E8;B8:27:EB:34:22:B6;1213;1502;1508;0;0;0
4460;2024-11-26 09:22:45;24;D0:0F:5D:7D:BD:E8;B8:27:EB:34:22:B6;1216;1496;1504;0;0;0
4462;2024-11-26 09:22:45;24;D0:0F:5D:7D:BD:E8;B8:27:EB:34:22:B6;1206;1499;1496;0;0;0
4463;2024-11-26 09:22:46;24;D0:0F:5D:7D:BD:E8;B8:27:EB:34:22:B6;1209;1498;1501;0;0;0
4464;2024-11-26 09:22:46;24;D0:0F:5D:7D:BD:E8;B8:27:EB:34:22:B6;1214;1504;1504;0;0;0
4465;2024-11-26 09:22:47;24;D0:0F:5D:7D:BD:E8;B8:27:EB:34:22:B6;1212;1501;1499;0;0;0
4467;2024-11-26 09:22:47;24;D0:0F:5D:7D:BD:E8;B8:27:EB:34:22:B6;1208;1504;1509;0;0;0
4468;2024-11-26 09:22:48;24;D0:0F:5D:7D:BD:E8;B8:27:EB:34:22:B6;1223;1501;1505;0;0;0
4469;2024-11-26 09:22:48;24;D0:0F:5D:7D:BD:E8;B8:27:EB:34:22:B6;1214;1498;1500;0;0;0
4470;2024-11-26 09:22:49;24;D0:0F:5D:7D:BD:E8;B8:27:EB:34:22:B6;1212;1502;1502;0;0;0
4471;2024-11-26 09:22:49;24;D0:0F:5D:7D:BD:E8;B8:27:EB:34:22:B6;1207;1501;1513;0;0;0
4472;2024-11-26 09:22:50;24;D0:0F:5D:7D:BD:E8;B8:27:EB:34:22:B6;1214;1498;1503;0;0;0
4473;2024-11-26 09:22:50;24;D0:0F:5D:7D:BD:E8;B8:27:EB:34:22:B6;1210;1505;1509;0;0;0
4474;2024-11-26 09:22:51;24;D0:0F:5D:7D:BD:E8;B8:27:EB:34:22:B6;1212;1499;1501;0;0;0
4475;2024-11-26 09:22:51;24;D0:0F:5D:7D:BD:E8;B8:27:EB:34:22:B6;1208;1497;1508;0;0;0
4476;2024-11-26 09:22:52;24;D0:0F:5D:7D:BD:E8;B8:27:EB:34:22:B6;1211;1502;1504;0;0;0
4477;2024-11-26 09:22:52;24;D0:0F:5D:7D:BD:E8;B8:27:EB:34:22:B6;1211;1500;1506;0;0;0
4478;2024-11-26 09:22:53;24;D0:0F:5D:7D:BD:E8;B8:27:EB:34:22:B6;1217;1500;1513;0;0;0
4479;2024-11-26 09:22:53;24;D0:0F:5D:7D:BD:E8;B8:27:EB:34:22:B6;1212;1499;1510;0;0;0
4480;2024-11-26 09:22:54;24;D0:0F:5D:7D:BD:E8;B8:27:EB:34:22:B6;1210;1498;1511;0;0;0
4481;2024-11-26 09:22:54;24;D0:0F:5D:7D:BD:E8;B8:27:EB:34:22:B6;1212;1496;1508;0;0;0
4482;2024-11-26 09:22:55;24;D0:0F:5D:7D:BD:E8;B8:27:EB:34:22:B6;1212;1508;1509;0;0;0
4483;2024-11-26 09:22:55;24;D0:0F:5D:7D:BD:E8;B8:27:EB:34:22:B6;1217;1503;1509;0;0;0
4484;2024-11-26 09:22:56;24;D0:0F:5D:7D:BD:E8;B8:27:EB:34:22:B6;1212;1499;1499;0;0;0
4485;2024-11-26 09:22:56;24;D0:0F:5D:7D:BD:E8;B8:27:EB:34:22:B6;1212;1504;1498;0;0;0
4486;2024-11-26 09:22:57;24;D0:0F:5D:7D:BD:E8;B8:27:EB:34:22:B6;1212;1499;1499;0;0;0
4487;2024-11-26 09:22:57;24;D0:0F:5D:7D:BD:E8;B8:27:EB:34:22:B6;1212;1502;1495;0;0;0
4488;2024-11-26 09:22:58;24;D0:0F:5D:7D:BD:E8;B8:27:EB:34:22:B6;1214;1508;1504;0;0;0
4489;2024-11-26 09:22:58;24;D0:0F:5D:7D:BD:E8;B8:27:EB:34:22:B6;1214;1503;1495;0;0;0
4490;2024-11-26 09:22:59;24;D0:0F:5D:7D:BD:E8;B8:27:EB:34:22:B6;1215;1502;1497;0;0;0
4492;2024-11-26 09:22:59;24;D0:0F:5D:7D:BD:E8;B8:27:EB:34:22:B6;1212;1504;1501;0;0;0
4493;2024-11-26 09:23:00;24;D0:0F:5D:7D:BD:E8;B8:27:EB:34:22:B6;1205;1504;1499;0;0;0
4494;2024-11-26 09:23:00;24;D0:0F:5D:7D:BD:E8;B8:27:EB:34:22:B6;1211;1500;1499;0;0;0
4498;2024-11-26 09:23:05;24;D0:0F:5D:7D:BD:E8;B8:27:EB:34:22:B6;1510;1190;1545;0;0;0
4499;2024-11-26 09:23:06;24;D0:0F:5D:7D:BD:E8;B8:27:EB:34:22:B6;1544;1212;1499;0;0;0
4500;2024-11-26 09:23:06;24;D0:0F:5D:7D:BD:E8;B8:27:EB:34:22:B6;1550;1215;1505;0;0;0
4501;2024-11-26 09:23:07;24;D0:0F:5D:7D:BD:E8;B8:27:EB:34:22:B6;1547;1206;1509;0;0;0
4503;2024-11-26 09:23:07;24;D0:0F:5D:7D:BD:E8;B8:27:EB:34:22:B6;1538;1205;1489;0;0;0
4504;2024-11-26 09:23:08;24;D0:0F:5D:7D:BD:E8;B8:27:EB:34:22:B6;1546;1208;1498;0;0;0
4505;2024-11-26 09:23:08;24;D0:0F:5D:7D:BD:E8;B8:27:EB:34:22:B6;1543;1211;1502;0;0;0
4506;2024-11-26 09:23:09;24;D0:0F:5D:7D:BD:E8;B8:27:EB:34:22:B6;1538;1212;1500;0;0;0
4508;2024-11-26 09:23:09;24;D0:0F:5D:7D:BD:E8;B8:27:EB:34:22:B6;1546;1208;1504;0;0;0
4509;2024-11-26 09:23:10;24;D0:0F:5D:7D:BD:E8;B8:27:EB:34:22:B6;1550;1204;1495;0;0;0
4510;2024-11-26 09:23:10;24;D0:0F:5D:7D:BD:E8;B8:27:EB:34:22:B6;1543;1193;1502;0;0;0
4511;2024-11-26 09:23:11;24;D0:0F:5D:7D:BD:E8;B8:27:EB:34:22:B6;1528;1205;1497;0;0;0
4513;2024-11-26 09:23:11;24;D0:0F:5D:7D:BD:E8;B8:27:EB:34:22:B6;1519;1202;1498;0;0;0
4514;2024-11-26 09:23:12;24;D0:0F:5D:7D:BD:E8;B8:27:EB:34:22:B6;1516;1199;1493;0;0;0
4515;2024-11-26 09:23:12;24;D0:0F:5D:7D:BD:E8;B8:27:EB:34:22:B6;1524;1204;1494;0;0;0
4516;2024-11-26 09:23:13;24;D0:0F:5D:7D:BD:E8;B8:27:EB:34:22:B6;1531;1209;1501;0;0;0
4518;2024-11-26 09:23:13;24;D0:0F:5D:7D:BD:E8;B8:27:EB:34:22:B6;1527;1200;1501;0;0;0
4519;2024-11-26 09:23:14;24;D0:0F:5D:7D:BD:E8;B8:27:EB:34:22:B6;1526;1209;1497;0;0;0
4520;2024-11-26 09:23:14;24;D0:0F:5D:7D:BD:E8;B8:27:EB:34:22:B6;1517;1207;1495;0;0;0
4522;2024-11-26 09:23:15;24;D0:0F:5D:7D:BD:E8;B8:27:EB:34:22:B6;1522;1201;1498;0;0;0
4523;2024-11-26 09:23:15;24;D0:0F:5D:7D:BD:E8;B8:27:EB:34:22:B6;1524;1199;1498;0;0;0
4524;2024-11-26 09:23:16;24;D0:0F:5D:7D:BD:E8;B8:27:EB:34:22:B6;1532;1203;1486;0;0;0
4526;2024-11-26 09:23:19;24;D0:0F:5D:7D:BD:E8;B8:27:EB:34:22:B6;1520;1496;1221;0;0;0
4528;2024-11-26 09:23:19;24;D0:0F:5D:7D:BD:E8;B8:27:EB:34:22:B6;1492;1513;1212;0;0;0
4529;2024-11-26 09:23:20;24;D0:0F:5D:7D:BD:E8;B8:27:EB:34:22:B6;1490;1515;1207;0;0;0
4530;2024-11-26 09:23:20;24;D0:0F:5D:7D:BD:E8;B8:27:EB:34:22:B6;1491;1518;1230;0;0;0
4531;2024-11-26 09:23:21;24;D0:0F:5D:7D:BD:E8;B8:27:EB:34:22:B6;1487;1520;1219;0;0;0
4533;2024-11-26 09:23:21;24;D0:0F:5D:7D:BD:E8;B8:27:EB:34:22:B6;1479;1515;1226;0;0;0
4534;2024-11-26 09:23:22;24;D0:0F:5D:7D:BD:E8;B8:27:EB:34:22:B6;1480;1517;1223;0;0;0
4535;2024-11-26 09:23:22;24;D0:0F:5D:7D:BD:E8;B8:27:EB:34:22:B6;1483;1519;1223;0;0;0
4536;2024-11-26 09:23:23;24;D0:0F:5D:7D:BD:E8;B8:27:EB:34:22:B6;1492;1545;1212;0;0;0
4537;2024-11-26 09:23:23;24;D0:0F:5D:7D:BD:E8;B8:27:EB:34:22:B6;1475;1530;1225;0;0;0
4538;2024-11-26 09:23:24;24;D0:0F:5D:7D:BD:E8;B8:27:EB:34:22:B6;1473;1520;1219;0;0;0
4539;2024-11-26 09:23:24;24;D0:0F:5D:7D:BD:E8;B8:27:EB:34:22:B6;1481;1528;1226;0;0;0
4540;2024-11-26 09:23:25;24;D0:0F:5D:7D:BD:E8;B8:27:EB:34:22:B6;1475;1524;1215;0;0;0
4541;2024-11-26 09:23:25;24;D0:0F:5D:7D:BD:E8;B8:27:EB:34:22:B6;1480;1531;1211;0;0;0
4542;2024-11-26 09:23:26;24;D0:0F:5D:7D:BD:E8;B8:27:EB:34:22:B6;1475;1524;1220;0;0;0
4543;2024-11-26 09:23:26;24;D0:0F:5D:7D:BD:E8;B8:27:EB:34:22:B6;1474;1527;1226;0;0;0
4544;2024-11-26 09:23:27;24;D0:0F:5D:7D:BD:E8;B8:27:EB:34:22:B6;1468;1528;1224;0;0;0
4545;2024-11-26 09:23:27;24;D0:0F:5D:7D:BD:E8;B8:27:EB:34:22:B6;1472;1532;1224;0;0;0
4546;2024-11-26 09:23:28;24;D0:0F:5D:7D:BD:E8;B8:27:EB:34:22:B6;1472;1529;1226;0;0;0
4547;2024-11-26 09:23:28;24;D0:0F:5D:7D:BD:E8;B8:27:EB:34:22:B6;1472;1517;1229;0;0;0
4548;2024-11-26 09:23:29;24;D0:0F:5D:7D:BD:E8;B8:27:EB:34:22:B6;1478;1528;1224;0;0;0
4549;2024-11-26 09:23:29;24;D0:0F:5D:7D:BD:E8;B8:27:EB:34:22:B6;1476;1532;1224;0;0;0
4550;2024-11-26 09:23:30;24;D0:0F:5D:7D:BD:E8;B8:27:EB:34:22:B6;1472;1531;1227;0;0;0
4551;2024-11-26 09:23:30;24;D0:0F:5D:7D:BD:E8;B8:27:EB:34:22:B6;1476;1535;1219;0;0;0
4552;2024-11-26 09:23:31;24;D0:0F:5D:7D:BD:E8;B8:27:EB:34:22:B6;1481;1526;1220;0;0;0
4553;2024-11-26 09:23:31;24;D0:0F:5D:7D:BD:E8;B8:27:EB:34:22:B6;1476;1526;1219;0;0;0
4554;2024-11-26 09:23:32;24;D0:0F:5D:7D:BD:E8;B8:27:EB:34:22:B6;1490;1522;1220;0;0;0
4555;2024-11-26 09:23:32;24;D0:0F:5D:7D:BD:E8;B8:27:EB:34:22:B6;1474;1525;1225;0;0;0
4556;2024-11-26 09:23:33;24;D0:0F:5D:7D:BD:E8;B8:27:EB:34:22:B6;1481;1531;1222;0;0;0
4557;2024-11-26 09:23:33;24;D0:0F:5D:7D:BD:E8;B8:27:EB:34:22:B6;1481;1535;1209;0;0;0
4558;2024-11-26 09:23:34;24;D0:0F:5D:7D:BD:E8;B8:27:EB:34:22:B6;1490;1553;1217;0;0;0
4559;2024-11-26 09:23:34;24;D0:0F:5D:7D:BD:E8;B8:27:EB:34:22:B6;1475;1522;1233;0;0;0
4560;2024-11-26 09:23:35;24;D0:0F:5D:7D:BD:E8;B8:27:EB:34:22:B6;1481;1531;1227;0;0;0
4561;2024-11-26 09:23:35;24;D0:0F:5D:7D:BD:E8;B8:27:EB:34:22:B6;1485;1531;1222;0;0;0
4562;2024-11-26 09:23:36;24;D0:0F:5D:7D:BD:E8;B8:27:EB:34:22:B6;1476;1541;1211;0;0;0
4563;2024-11-26 09:23:36;24;D0:0F:5D:7D:BD:E8;B8:27:EB:34:22:B6;1475;1531;1230;0;0;0
4564;2024-11-26 09:23:37;24;D0:0F:5D:7D:BD:E8;B8:27:EB:34:22:B6;1479;1540;1219;0;0;0
4565;2024-11-26 09:23:37;24;D0:0F:5D:7D:BD:E8;B8:27:EB:34:22:B6;1480;1529;1224;0;0;0
""
